<?xml version="1.0" encoding="UTF-8"?>
<configurationDescriptor version="90">
  <logicalFolder name="root" displayName="root" projectFiles="true" kind="ROOT">
    <logicalFolder name="f1" displayName="Common" projectFiles="true">
      <itemPath>../../code/Demo/Common/SimpleEvent.cpp</itemPath>
      <itemPath>../../code/Demo/Common/SimpleEvent.h</itemPath>
    </logicalFolder>
    <logicalFolder name="f2" displayName="include" projectFiles="true">
      <itemPath>../../code/TapAPI/include/TapAPICommDef.h</itemPath>
      <itemPath>../../code/TapAPI/include/TapAPIError.h</itemPath>
      <itemPath>../../code/TapAPI/include/TapTradeAPI.h</itemPath>
      <itemPath>../../code/TapAPI/include/TapTradeAPIDataType.h</itemPath>
    </logicalFolder>
    <logicalFolder name="f3" displayName="lib" projectFiles="true">
      <itemPath>../../code/TapAPI/lib/linux64/libTapTradeAPI.so</itemPath>
    </logicalFolder>
    <logicalFolder name="HeaderFiles" displayName="头文件" projectFiles="true">
      <itemPath>../../code/Demo/TapTradeAPI/Trade.h</itemPath>
      <itemPath>../../code/Demo/TapTradeAPI/TradeConfig.h</itemPath>
    </logicalFolder>
    <logicalFolder name="SourceFiles" displayName="源文件" projectFiles="true">
      <itemPath>../../code/Demo/TapTradeAPI/Demo.cpp</itemPath>
      <itemPath>../../code/Demo/TapTradeAPI/Trade.cpp</itemPath>
    </logicalFolder>
    <logicalFolder name="ResourceFiles" displayName="资源文件" projectFiles="true">
    </logicalFolder>
    <logicalFolder name="TestFiles"
                   displayName="测试文件"
                   projectFiles="false"
                   kind="TEST_LOGICAL_FOLDER">
    </logicalFolder>
    <logicalFolder name="ExternalFiles"
                   displayName="重要文件"
                   projectFiles="false"
                   kind="IMPORTANT_FILES_FOLDER">
      <itemPath>Makefile</itemPath>
    </logicalFolder>
  </logicalFolder>
  <projectmakefile>Makefile</projectmakefile>
  <confs>
    <conf name="Debug" type="1">
      <toolsSet>
        <compilerSet>default</compilerSet>
        <dependencyChecking>true</dependencyChecking>
        <rebuildPropChanged>false</rebuildPropChanged>
      </toolsSet>
      <compileType>
        <ccTool>
          <incDir>
            <pElem>../../code/TapAPI/include</pElem>
          </incDir>
        </ccTool>
        <linkerTool>
          <linkerAddLib>
            <pElem>../../code/TapAPI/lib/linux64</pElem>
          </linkerAddLib>
          <commandLine>-lTapTradeAPI</commandLine>
        </linkerTool>
      </compileType>
      <item path="../../code/Demo/Common/SimpleEvent.cpp"
            ex="false"
            tool="1"
            flavor2="0">
      </item>
      <item path="../../code/Demo/Common/SimpleEvent.h"
            ex="false"
            tool="3"
            flavor2="0">
      </item>
      <item path="../../code/Demo/TapTradeAPI/Demo.cpp"
            ex="false"
            tool="1"
            flavor2="0">
      </item>
      <item path="../../code/Demo/TapTradeAPI/Trade.cpp"
            ex="false"
            tool="1"
            flavor2="0">
      </item>
      <item path="../../code/Demo/TapTradeAPI/Trade.h"
            ex="false"
            tool="3"
            flavor2="0">
      </item>
      <item path="../../code/Demo/TapTradeAPI/TradeConfig.h"
            ex="false"
            tool="3"
            flavor2="0">
      </item>
      <item path="../../code/TapAPI/include/TapAPICommDef.h"
            ex="false"
            tool="3"
            flavor2="0">
      </item>
      <item path="../../code/TapAPI/include/TapAPIError.h"
            ex="false"
            tool="3"
            flavor2="0">
      </item>
      <item path="../../code/TapAPI/include/TapTradeAPI.h"
            ex="false"
            tool="3"
            flavor2="0">
      </item>
      <item path="../../code/TapAPI/include/TapTradeAPIDataType.h"
            ex="false"
            tool="3"
            flavor2="0">
      </item>
      <item path="../../code/TapAPI/lib/linux64/libTapTradeAPI.so"
            ex="false"
            tool="3"
            flavor2="0">
      </item>
    </conf>
    <conf name="Release" type="1">
      <toolsSet>
        <compilerSet>default</compilerSet>
        <dependencyChecking>true</dependencyChecking>
        <rebuildPropChanged>false</rebuildPropChanged>
      </toolsSet>
      <compileType>
        <cTool>
          <developmentMode>5</developmentMode>
        </cTool>
        <ccTool>
          <developmentMode>5</developmentMode>
          <incDir>
            <pElem>../../code/TapAPI/include</pElem>
          </incDir>
        </ccTool>
        <fortranCompilerTool>
          <developmentMode>5</developmentMode>
        </fortranCompilerTool>
        <asmTool>
          <developmentMode>5</developmentMode>
        </asmTool>
        <linkerTool>
          <linkerAddLib>
            <pElem>../../code/TapAPI/lib/linux64</pElem>
          </linkerAddLib>
          <commandLine>-lTapTradeAPI</commandLine>
        </linkerTool>
      </compileType>
      <item path="../../code/Demo/Common/SimpleEvent.cpp"
            ex="false"
            tool="1"
            flavor2="0">
      </item>
      <item path="../../code/Demo/Common/SimpleEvent.h"
            ex="false"
            tool="3"
            flavor2="0">
      </item>
      <item path="../../code/Demo/TapTradeAPI/Demo.cpp"
            ex="false"
            tool="1"
            flavor2="0">
      </item>
      <item path="../../code/Demo/TapTradeAPI/Trade.cpp"
            ex="false"
            tool="1"
            flavor2="0">
      </item>
      <item path="../../code/Demo/TapTradeAPI/Trade.h"
            ex="false"
            tool="3"
            flavor2="0">
      </item>
      <item path="../../code/Demo/TapTradeAPI/TradeConfig.h"
            ex="false"
            tool="3"
            flavor2="0">
      </item>
      <item path="../../code/TapAPI/include/TapAPICommDef.h"
            ex="false"
            tool="3"
            flavor2="0">
      </item>
      <item path="../../code/TapAPI/include/TapAPIError.h"
            ex="false"
            tool="3"
            flavor2="0">
      </item>
      <item path="../../code/TapAPI/include/TapTradeAPI.h"
            ex="false"
            tool="3"
            flavor2="0">
      </item>
      <item path="../../code/TapAPI/include/TapTradeAPIDataType.h"
            ex="false"
            tool="3"
            flavor2="0">
      </item>
      <item path="../../code/TapAPI/lib/linux64/libTapTradeAPI.so"
            ex="false"
            tool="3"
            flavor2="0">
      </item>
    </conf>
  </confs>
</configurationDescriptor>
