<?xml version="1.0" encoding="GB2312"?>
<Layout BackColor="$DDDDDD" FontName="Arial" FontColor="$FFFFFF" FontSize="11" FontBold="true" FontCharset="1" Border="1">
  <BtnImgs ImgId="1">	
  	 <NormalImg FileName=".\Data\KeyNormal.bmp" SourceName="NormalImg" LeftBorder="11" TopBorder="11" RightBorder="11" BottomBorder="11" />
  	 <OverImg FileName=".\Data\KeyOver.bmp" SourceName="OverImg" LeftBorder="11" TopBorder="11" RightBorder="11" BottomBorder="11" />
  	 <DownImg FileName=".\Data\KeyDown.bmp" SourceName="DownImg" LeftBorder="11" TopBorder="11" RightBorder="11" BottomBorder="11" />
  	 <DisabledImg FileName=".\Data\KeyDown.bmp" SourceName="DisabledImg" LeftBorder="11" TopBorder="11" RightBorder="11" BottomBorder="11" />
  	 <MaskImg FileName=".\Data\KeyMask.bmp" SourceName="MaskImg" LeftBorder="11" TopBorder="11" RightBorder="11" BottomBorder="11" />
  </BtnImgs>
  <Region Left="0" Top="0" ColCount="1" BtnWidth="34" BtnHeight="33" ColSpace="0" RowSpace="0" ImgId="1">
  	 <Key KeyCode="27" KeyName="esc" />
  </Region>
  <Region Left="34" Top="0" ColCount="10" BtnWidth="34" BtnHeight="33" ColSpace="0" RowSpace="0" SortType="1" ImgId="1">
  	 <Key KeyCode="49" KeyName="" />
  	 <Key KeyCode="50" KeyName="" />
  	 <Key KeyCode="51" KeyName="" />
  	 <Key KeyCode="52" KeyName="" />
  	 <Key KeyCode="53" KeyName="" />
  	 <Key KeyCode="54" KeyName="" />
  	 <Key KeyCode="55" KeyName="" />
  	 <Key KeyCode="56" KeyName="" />
  	 <Key KeyCode="57" KeyName="" />
  	 <Key KeyCode="48" KeyName="" />
  </Region>
  <Region Left="374" Top="0" ColCount="1" BtnWidth="68" BtnHeight="33" ColSpace="0" RowSpace="0" ImgId="1">
  	 <Key KeyCode="8" KeyName="��back" />
  </Region>
  <Region Left="0" Top="33" ColCount="13" BtnWidth="34" BtnHeight="33" ColSpace="0" RowSpace="0" SortType="1" ImgId="1">
  	 <Key KeyCode="65" KeyName="" />
  	 <Key KeyCode="66" KeyName="" />
  	 <Key KeyCode="67" KeyName="" />
  	 <Key KeyCode="68" KeyName="" />
  	 <Key KeyCode="69" KeyName="" />
  	 <Key KeyCode="70" KeyName="" />
  	 <Key KeyCode="71" KeyName="" />
  	 <Key KeyCode="72" KeyName="" />
  	 <Key KeyCode="73" KeyName="" />
  	 <Key KeyCode="74" KeyName="" />
  	 <Key KeyCode="75" KeyName="" />
  	 <Key KeyCode="76" KeyName="" />
  	 <Key KeyCode="77" KeyName="" />
  	 <Key KeyCode="78" KeyName="" />
  	 <Key KeyCode="79" KeyName="" />
  	 <Key KeyCode="80" KeyName="" />
  	 <Key KeyCode="81" KeyName="" />
  	 <Key KeyCode="82" KeyName="" />
  	 <Key KeyCode="83" KeyName="" />
  	 <Key KeyCode="84" KeyName="" />
  	 <Key KeyCode="85" KeyName="" />
  	 <Key KeyCode="86" KeyName="" />
  	 <Key KeyCode="87" KeyName="" />
  	 <Key KeyCode="88" KeyName="" />
  	 <Key KeyCode="89" KeyName="" />
  	 <Key KeyCode="90" KeyName="" />
  </Region>
  <Region Left="0" Top="99" ColCount="1" BtnWidth="68" BtnHeight="33" ColSpace="0" RowSpace="0" ImgId="1">
  	 <Key KeyCode="20" KeyName="caps" AutoCheck="true" />
  </Region>
  <Region Left="68" Top="99" ColCount="11" BtnWidth="34" BtnHeight="33" ColSpace="0" RowSpace="0" SortType="1" ImgId="1">
  	 <Key KeyCode="186" KeyName="" />
  	 <Key KeyCode="187" KeyName="" />
  	 <Key KeyCode="188" KeyName="" />
  	 <Key KeyCode="189" KeyName="" />
  	 <Key KeyCode="190" KeyName="" />
  	 <Key KeyCode="191" KeyName="" />
  	 <Key KeyCode="192" KeyName="" />
  	 <Key KeyCode="219" KeyName="" />
  	 <Key KeyCode="220" KeyName="" />
  	 <Key KeyCode="221" KeyName="" />
  	 <Key KeyCode="222" KeyName="" />
  </Region>
  <Region Left="0" Top="132" ColCount="1" BtnWidth="102" BtnHeight="33" ColSpace="0" RowSpace="0" ImgId="1">
  	 <Key KeyCode="16" KeyName="shift" AutoCheck="true" />
  </Region>
  <Region Left="102" Top="132" ColCount="1" BtnWidth="170" BtnHeight="33" ColSpace="0" RowSpace="0" ImgId="1">
  	 <Key KeyCode="32" KeyName="" />
  </Region>
  <Region Left="272" Top="132" ColCount="1" BtnWidth="68" BtnHeight="33" ColSpace="0" RowSpace="0" ImgId="1">
  	 <Key KeyCode="46" KeyName="del" />
  </Region>
  <Region Left="340" Top="132" ColCount="1" BtnWidth="102" BtnHeight="33" ColSpace="0" RowSpace="0" ImgId="1">
  	 <Key KeyCode="13" KeyName="enter" />
  </Region>
</Layout>