<?xml version="1.0" encoding="UTF-8"?>
<project-private xmlns="http://www.netbeans.org/ns/project-private/1">
    <code-assistance-data xmlns="http://www.netbeans.org/ns/make-project-private/1">
        <code-model-enabled>true</code-model-enabled>
    </code-assistance-data>
    <data xmlns="http://www.netbeans.org/ns/make-project-private/1">
        <activeConfTypeElem>1</activeConfTypeElem>
        <activeConfIndexElem>0</activeConfIndexElem>
    </data>
    <editor-bookmarks xmlns="http://www.netbeans.org/ns/editor-bookmarks/2" lastBookmarkId="0"/>
    <open-files xmlns="http://www.netbeans.org/ns/projectui-open-files/2">
        <group>
            <file>file:/C:/Users/Administrator/Desktop/TapAPI_20190513_V9/api/include/TapAPIError.h</file>
            <file>file:/C:/Users/Administrator/Desktop/TapAPI_20190513_V9/api/include/TapTradeAPI.h</file>
            <file>file:/C:/Users/Administrator/Desktop/TapAPI_20190513_V9/api/include/TapQuoteAPI.h</file>
            <file>file:/C:/Users/Administrator/Desktop/TapAPI_20190513_V9/demo/TapAPI_Demo/code/Demo/TapQuoteAPI/Quote.h</file>
            <file>file:/C:/Users/Administrator/Desktop/TapAPI_20190513_V9/demo/TapAPI_Demo/code/Demo/TapQuoteAPI/Demo.cpp</file>
            <file>file:/C:/Users/Administrator/Desktop/TapAPI_20190513_V9/api/include/TapAPICommDef.h</file>
        </group>
    </open-files>
</project-private>
