<?xml version="1.0" encoding="UTF-8"?>
<configurationDescriptor version="97">
  <logicalFolder name="root" displayName="root" projectFiles="true" kind="ROOT">
    <logicalFolder name="f2" displayName="Common" projectFiles="true">
      <itemPath>../../code/Demo/Common/SimpleEvent.cpp</itemPath>
      <itemPath>../../code/Demo/Common/SimpleEvent.h</itemPath>
    </logicalFolder>
    <logicalFolder name="include" displayName="include" projectFiles="true">
      <itemPath>../../../../api/include/TapAPICommDef.h</itemPath>
      <itemPath>../../../../api/include/TapAPIError.h</itemPath>
      <itemPath>../../../../api/include/TapQuoteAPI.h</itemPath>
      <itemPath>../../../../api/include/TapQuoteAPIDataType.h</itemPath>
    </logicalFolder>
    <logicalFolder name="HeaderFiles" displayName="头文件" projectFiles="true">
      <itemPath>../../code/Demo/TapQuoteAPI/Quote.h</itemPath>
      <itemPath>../../code/Demo/TapQuoteAPI/QuoteConfig.h</itemPath>
    </logicalFolder>
    <logicalFolder name="SourceFiles" displayName="源文件" projectFiles="true">
      <itemPath>../../code/Demo/TapQuoteAPI/Demo.cpp</itemPath>
      <itemPath>../../code/Demo/TapQuoteAPI/Quote.cpp</itemPath>
    </logicalFolder>
    <logicalFolder name="ResourceFiles" displayName="资源文件" projectFiles="true">
    </logicalFolder>
    <logicalFolder name="TestFiles"
                   displayName="测试文件"
                   projectFiles="false"
                   kind="TEST_LOGICAL_FOLDER">
    </logicalFolder>
    <logicalFolder name="ExternalFiles"
                   displayName="重要文件"
                   projectFiles="false"
                   kind="IMPORTANT_FILES_FOLDER">
      <itemPath>Makefile</itemPath>
    </logicalFolder>
  </logicalFolder>
  <sourceRootList>
    <Elem>../../code/TapAPI/include</Elem>
    <Elem>../../../../api/include</Elem>
  </sourceRootList>
  <projectmakefile>Makefile</projectmakefile>
  <confs>
    <conf name="Debug" type="1">
      <toolsSet>
        <compilerSet>default</compilerSet>
        <dependencyChecking>true</dependencyChecking>
        <rebuildPropChanged>false</rebuildPropChanged>
      </toolsSet>
      <compileType>
        <ccTool>
          <incDir>
            <pElem>../../../../api/include</pElem>
          </incDir>
        </ccTool>
        <linkerTool>
          <linkerAddLib>
            <pElem>/home/esunny/bin</pElem>
          </linkerAddLib>
          <commandLine>-lTapQuoteAPI</commandLine>
        </linkerTool>
      </compileType>
      <item path="../../../../api/include/TapAPICommDef.h"
            ex="false"
            tool="3"
            flavor2="0">
      </item>
      <item path="../../../../api/include/TapAPIError.h"
            ex="false"
            tool="3"
            flavor2="0">
      </item>
      <item path="../../../../api/include/TapQuoteAPI.h"
            ex="false"
            tool="3"
            flavor2="0">
      </item>
      <item path="../../../../api/include/TapQuoteAPIDataType.h"
            ex="false"
            tool="3"
            flavor2="0">
      </item>
      <item path="../../code/Demo/Common/SimpleEvent.cpp"
            ex="false"
            tool="1"
            flavor2="0">
      </item>
      <item path="../../code/Demo/Common/SimpleEvent.h"
            ex="false"
            tool="3"
            flavor2="0">
      </item>
      <item path="../../code/Demo/TapQuoteAPI/Demo.cpp"
            ex="false"
            tool="1"
            flavor2="0">
      </item>
      <item path="../../code/Demo/TapQuoteAPI/Quote.cpp"
            ex="false"
            tool="1"
            flavor2="0">
      </item>
      <item path="../../code/Demo/TapQuoteAPI/Quote.h"
            ex="false"
            tool="3"
            flavor2="0">
      </item>
      <item path="../../code/Demo/TapQuoteAPI/QuoteConfig.h"
            ex="false"
            tool="3"
            flavor2="0">
      </item>
    </conf>
    <conf name="Release" type="1">
      <toolsSet>
        <compilerSet>default</compilerSet>
        <dependencyChecking>true</dependencyChecking>
        <rebuildPropChanged>false</rebuildPropChanged>
      </toolsSet>
      <compileType>
        <cTool>
          <developmentMode>5</developmentMode>
        </cTool>
        <ccTool>
          <developmentMode>5</developmentMode>
          <incDir>
            <pElem>../../code/TapAPI/include</pElem>
          </incDir>
        </ccTool>
        <fortranCompilerTool>
          <developmentMode>5</developmentMode>
        </fortranCompilerTool>
        <asmTool>
          <developmentMode>5</developmentMode>
        </asmTool>
        <linkerTool>
          <linkerAddLib>
            <pElem>../../code/TapAPI/lib/linux64</pElem>
          </linkerAddLib>
          <commandLine>-lTapQuoteAPI</commandLine>
        </linkerTool>
      </compileType>
      <item path="../../../../api/include/TapAPICommDef.h"
            ex="false"
            tool="3"
            flavor2="0">
      </item>
      <item path="../../../../api/include/TapAPIError.h"
            ex="false"
            tool="3"
            flavor2="0">
      </item>
      <item path="../../../../api/include/TapQuoteAPI.h"
            ex="false"
            tool="3"
            flavor2="0">
      </item>
      <item path="../../../../api/include/TapQuoteAPIDataType.h"
            ex="false"
            tool="3"
            flavor2="0">
      </item>
      <item path="../../code/Demo/Common/SimpleEvent.cpp"
            ex="false"
            tool="1"
            flavor2="0">
      </item>
      <item path="../../code/Demo/Common/SimpleEvent.h"
            ex="false"
            tool="3"
            flavor2="0">
      </item>
      <item path="../../code/Demo/TapQuoteAPI/Demo.cpp"
            ex="false"
            tool="1"
            flavor2="0">
      </item>
      <item path="../../code/Demo/TapQuoteAPI/Quote.cpp"
            ex="false"
            tool="1"
            flavor2="0">
      </item>
      <item path="../../code/Demo/TapQuoteAPI/Quote.h"
            ex="false"
            tool="3"
            flavor2="0">
      </item>
      <item path="../../code/Demo/TapQuoteAPI/QuoteConfig.h"
            ex="false"
            tool="3"
            flavor2="0">
      </item>
    </conf>
  </confs>
</configurationDescriptor>
