﻿<?xml version="1.0" encoding="utf-8"?>
<config>
  <server_info ip="172.18.35.36" port="20001"/>
  <enable_log status="1"/>
  <clients rptr_time="300" reconnect_time="5">
    <client app_id="client_xtrader019_2.3" auth_id="IFCUDS9YEZ7A9S9I" login_id="9100191" password="208421" />
    <client app_id="client_xtrader063_2.3" auth_id="JLRPUJK8LUKPZJRA" login_id="9100631" password="106124" />
	<client app_id="client_xtrader109_2.3" auth_id="PEMCRJLUNM9OM291" login_id="9101091" password="124222" />
	<client app_id="client_xtrader111_2.3" auth_id="5S6A2KJGQS487C0C" login_id="9101111" password="100553" />
	<client app_id="client_xtrader101_2.3" auth_id="9ZHZGT4ER59XMQZ0" login_id="9101011" password="052927" />
	<client app_id="client_speed096_1.0" auth_id="UCQSPW5S2AUO8VX8" login_id="9100961" password="158249" />
	<client app_id="client_speed110_1.0" auth_id="CUC2ZQ314MJXZA04" login_id="9101101" password="300910" />
	<client app_id="client_speed169_1.0" auth_id="2VZVFKHICDWHKTGV" login_id="1131691" password="191011" />
	
  </clients>
</config>
  